query,keyword,response,category,intent,custom,language_code,trigger_intent,users_answer
"Claim Bonuses & Rewards","claim bonus, claim bonuses, bonuses, rewards, bonus reward, bonus claim, claim reward, claim rewards, claim promos, promos, promotion, promotions, promo, promo code, redeem bonus, redeem rewards, redeem promo, free bonus, free rewards, welcome bonus, daily bonus, bonus claim now, casino bonus, casino promos, bonus offer, promo offer, reward bonus, bonus credits, free credits, free spins, spin bonus, cashback, rebate, reload bonus, deposit bonus, no deposit bonus, signup bonus, registration bonus, first deposit bonus, vip bonus, loyalty rewards, referral bonus, invite bonus, birthday bonus, special promo, limited promo, seasonal promo, event promo, bonus campaign, promo campaign, bonus code, coupon code, voucher code, redeem code, enter promo code, apply promo code, use promo code, activate bonus, activate promo, unlock bonus, unlock reward, get bonus, get rewards, get promo, get free bonus, get free spins, get cashback, how to claim bonus, how to claim rewards, how to claim promo, how to redeem bonus, how to redeem rewards, how to use promo code, how to get bonus, how do i claim bonus, how do i get bonus, how can i claim bonus, how can i get rewards, steps to claim bonus, bonus guide, promo guide, rewards guide, where to claim bonus, where can i claim bonus, where is bonus, where is promo, where is rewards, bonus page, promo page, rewards page, i want to claim bonus, i want bonus, i want rewards, i want promo, i need bonus, i need rewards, i need promo, give me bonus, give me rewards, give me promo, can i claim bonus, can i get bonus, can i get rewards, can i use promo code, can i redeem bonus, bonus available, promo available, rewards available, is there bonus, is there promo, is there rewards, check bonus, check rewards, check promo, bonus status, reward status, promo status, bonus pending, bonus not received, reward not received, promo not working, invalid promo code, bonus error, reward issue, promo issue, bonus requirements, wagering requirement, turnover requirement, bonus rules, promo rules, rewards rules, claim bonus now, redeem now, activate now, use code now, apply now","<a href=""https://banglaplus88.com/promotions/"">Banglaplus Latest Bonuses &amp; Promotions</a>",,,,en_US,,"a:8:{s:6:""answer"";a:0:{}s:8:""feedback"";a:0:{}s:9:""not_match"";s:0:"""";s:14:""trigger_intent"";s:0:"""";s:11:""entity_name"";s:0:"""";s:18:""entity_is_required"";i:0;s:13:""response_type"";i:2;s:14:""prompt_message"";s:0:"""";}"
"How to deposit","i have deposit issue, deposit issue, deposit problem, problems with deposit, deposit not working, cannot deposit, cant deposit, unable to deposit, failed deposit, deposit failed, deposit error, error on deposit, deposit not going through, deposit not received, money not credited, funds not credited, balance not updated after deposit, deposit delay, delayed deposit, deposit pending, pending deposit, why is my deposit pending, deposit stuck, deposit stuck in processing, deposit processing issue, deposit processing time, deposit taking too long, how long deposit takes, deposit not reflecting, deposit not showing, money not showing after deposit, gcash deposit issue, maya deposit issue, ewallet deposit issue, bank deposit issue, bank transfer failed, gcash transfer failed, maya transfer failed, payment failed, payment not successful, payment error, transaction failed, transaction error, deposit transaction failed, deposit transaction not found, reference number issue, missing reference number, invalid reference number, deposit not confirmed, deposit not verified, verification issue deposit, account deposit problem, deposit limit issue, minimum deposit issue, maximum deposit issue, deposit restrictions, deposit blocked, deposit declined, deposit rejected, why deposit rejected, why deposit failed, why deposit not working, unable to top up, top up issue, top up failed, top up not working, cash in issue, cashin issue, cash in failed, cash in not working, deposit via gcash not working, deposit via maya not working, deposit via bank not working, payment gateway issue, payment system error, banking error deposit, technical issue deposit, system error deposit, site deposit issue, app deposit issue, mobile deposit issue, deposit support, help with deposit, deposit assistance, need help deposit, deposit inquiry, deposit concern, deposit troubleshooting, fix deposit issue, resolve deposit problem , i have deposit issue, deposit, deposits, how to deposit, make deposit, add funds, fund account, top up, top-up, topup, add money, deposit money, cash in, cashin, payment, pay in, payin, how to add money, deposit now, deposit process, casino deposit, bank deposit, ewallet deposit, gcash deposit, paymaya deposit, maya deposit, bKash deposit, Nagad deposit, Rocket deposit, crypto deposit, usdt deposit, btc deposit, eth deposit, card deposit, credit card deposit, debit card deposit, online banking deposit, instant deposit, fast deposit, quick deposit, deposit link, deposit page, deposit method, deposit options, deposit instructions, deposit guide, deposit tutorial, steps to deposit, where to deposit, where can i deposit, where is deposit option, how do i deposit, how can i deposit, how to make a deposit, how to add funds, how to fund account, how to top up, how to topup, how to cash in, how to cashin, i want to deposit, i want to add money, i want to top up, i want to cash in, i need to deposit, i need to add funds, i need to top up, can i deposit, can i add money, can i top up, can i cash in, can i fund account, deposit funds now, add funds now, top up now, cash in now, send money, transfer money, transfer funds, send payment, make payment, pay now, proceed to deposit, open deposit page, deposit my account, add balance, increase balance, refill account, reload account, load account, minimum deposit, maximum deposit, deposit limit, deposit fee, deposit charges, deposit bonus, deposit promo, deposit offer, first deposit bonus, new user deposit, welcome bonus deposit, deposit confirmation, deposit status, deposit pending, deposit failed, deposit not received, deposit issue, deposit problem, payment failed, payment not reflected, cashin not reflected, topup not reflected, how long deposit, deposit time, deposit processing time, when will deposit reflect, when will balance update, delay in deposit, verify deposit, deposit verification, receipt upload, proof of payment, send receipt, upload receipt, confirm deposit, manual deposit, automatic deposit, deposit via gcash, deposit via paymaya, deposit via bank transfer, deposit via crypto, deposit via ewallet","<a href=""https://banglaplus88guide.com/faq-category/deposit/"">Banglaplus Deposit Guide</a>",,,,en_US,,"a:8:{s:6:""answer"";a:0:{}s:8:""feedback"";a:0:{}s:9:""not_match"";s:0:"""";s:14:""trigger_intent"";s:0:"""";s:11:""entity_name"";s:0:"""";s:18:""entity_is_required"";i:0;s:13:""response_type"";i:2;s:14:""prompt_message"";s:0:"""";}"
"How To Withdraw","how can i withdraw winnings, how to withdraw winnings, withdraw winnings, winnings withdrawal, withdraw my winnings, cash out winnings, cashout winnings, cash out my winnings, cashout my winnings, how do i withdraw winnings, how to cash out winnings, how do i cashout winnings, withdraw money winnings, withdraw funds winnings, withdraw earnings winnings, cash out earnings, cashout earnings, how to withdraw money, how can i withdraw money, how do i withdraw money, withdraw my money, cash out money, cashout money, withdraw balance, withdraw my balance, how to withdraw balance, account withdrawal, how to withdraw from account, withdraw from my account, transfer winnings to bank, transfer to bank account, bank withdrawal, how to withdraw to bank, gcash withdrawal, withdraw via gcash, maya withdrawal, withdraw via maya, ewallet withdrawal, withdraw to ewallet, payout winnings, how to get payout, payout request, request withdrawal, withdrawal request, submit withdrawal, withdrawal process, withdrawal steps, steps to withdraw winnings, how does withdrawal work, withdrawal time, withdrawal processing time, how long withdrawal takes, pending withdrawal, withdrawal pending, withdrawal status, check withdrawal status, why is my withdrawal pending, withdrawal not received, money not received withdrawal, failed withdrawal, withdrawal failed, rejected withdrawal, withdrawal rejected, cancelled withdrawal, withdrawal cancelled, withdrawal problem, withdrawal issue, withdrawal issues, how to fix withdrawal issue, minimum withdrawal, withdrawal limit, maximum withdrawal, withdrawal requirements, requirements for withdrawal, kyc withdrawal, account verification withdrawal, verify account for withdrawal, withdrawal verification, withdrawal fee, withdrawal charges, is there withdrawal fee, how to claim winnings, claim winnings, collect winnings, redeem winnings, receive winnings, how to receive winnings, get winnings, how to get my winnings, take out winnings, how to take out money winnings, withdraw profits, cash out profits, cashout profits, withdraw my earnings, how to withdraw earnings, withdraw funds from account, how to withdraw funds, withdraw casino winnings, how to cash out casino winnings , how can i withdraw winnings, withdraw, withdrawal, withdraw money, withdraw funds, withdraw winnings, cashout, cash out, payout, pay out, cash out winnings, cashout winnings, request withdrawal, withdrawal request, withdraw balance, take out money, get money, money withdrawal, casino withdrawal, withdraw cash, withdraw earnings, withdraw profit, withdraw prize, withdraw amount, withdraw funds now, withdraw now, instant withdrawal, fast withdrawal, withdrawal time, withdrawal delay, withdrawal status, withdrawal pending, withdrawal failed, withdrawal not received, withdrawal problem, payout request, payout processing, payout status, payout pending, payout failed, cashout request, cashout processing, cashout status, cashout pending, cashout failed, how to withdraw, how to cash out, how to cashout, how to withdraw money, how to withdraw funds, how to withdraw winnings, how to request withdrawal, how to make withdrawal, how do i withdraw, how do i cash out, how do i cashout, how can i withdraw, how can i cash out, how can i cashout, steps to withdraw, withdrawal guide, cashout guide, payout guide, withdraw instructions, cashout instructions, payout instructions, where to withdraw, where can i withdraw, where is withdrawal option, withdrawal page, cashout page, payout page, i want to withdraw, i want to withdraw money, i want to withdraw my winnings, i want to cash out, i want cashout, i need to withdraw, i need to cash out, i need payout, i want payout, i need my money, i want my money, i want my winnings, give me my winnings, send my money, release my money, can i withdraw, can i withdraw money, can i cash out, can i get my money, can i get payout, can i request withdrawal, withdraw my money, withdraw my winnings, withdraw all, withdraw full balance, withdraw partial, cash out my winnings, cash out all, payout my winnings, payout my balance, minimum withdrawal, maximum withdrawal, withdrawal limit, withdrawal fee, withdrawal charges, payout fee, cashout fee, withdrawal method, payout method, cashout method, withdraw via gcash, withdraw via bank, withdraw via crypto, withdraw via bKash, withdraw via Nagad, withdraw via Rocket, withdrawal verification, withdrawal requirements, withdrawal documents, withdrawal kyc, verify for withdrawal, withdrawal approved, withdrawal rejected, withdrawal cancelled, withdrawal completed, payout completed, cashout completed, withdrawal time frame, how long withdrawal, how long cashout, how long payout, when will i get my money, when will i receive payout, when will withdrawal arrive, delay in withdrawal, payout delay, cashout delay, no payout received, not received withdrawal, not received payout, withdraw issue, withdrawal issue, payout issue, cashout issue","<a href=""https://banglaplus88guide.com/faq-category/withdrawal/"">Banglaplus Withdrawal Guide</a>",,,,en_US,,"a:8:{s:6:""answer"";a:0:{}s:8:""feedback"";a:0:{}s:9:""not_match"";s:0:"""";s:14:""trigger_intent"";s:0:"""";s:11:""entity_name"";s:0:"""";s:18:""entity_is_required"";i:0;s:13:""response_type"";i:2;s:14:""prompt_message"";s:0:"""";}"
"Download Our App","download, download app, download our app, get app, install app, install, mobile app, app download, apk, download apk, ios app, android app, app link, how to download, where to download, install now, get the app now, open app, casino app download, official app, get the mobile app, install the app, download now, download latest app, latest version app, app update, update app, update apk, download ios, download android, ios download, android download, apk file, apk link, download apk latest, app installer, install apk, direct download, download link, app url, download page, get download link, send app link, give app link, app download link, how can i download, how do i download, where can i download, how to install app, how to install apk, how to install on android, how to install on ios, steps to download, steps to install, guide to download, guide to install, show me how to download, show me the app, can i download the app, is there an app, do you have app, do you have mobile app, is there android app, is there ios app, is app available, where is your app, where is app link, send me the app, give me the app, i want the app, i need the app, app please, link for app, app pls, dl app, dl apk, apk pls, ios pls, android pls, app for iphone, app for android, download for iphone, download for android, iphone app, android phone app, mobile download, phone app, install the app now, get the app link, can you send the app link, how to get the app, how to access the app, open mobile app, play via app, casino mobile app, betting app download, gaming app download, official download link, safe download app, secure app download","<a href=""https://banglaplus88guide.com/how-to-download-banglaplus-app/"">Download Banglaplus App</a>",,,,en_US,,"a:8:{s:6:""answer"";a:0:{}s:8:""feedback"";a:0:{}s:9:""not_match"";s:0:"""";s:14:""trigger_intent"";s:0:"""";s:11:""entity_name"";s:0:"""";s:18:""entity_is_required"";i:0;s:13:""response_type"";i:2;s:14:""prompt_message"";s:0:"""";}"
FAQs,"faq, faqs, frequently asked questions, help, help center, support, customer support, customer service, assistance, questions, common questions, answers, guide, guides, information, info, need help, help me, troubleshooting, inquiries, query, queries, how it works, how does it work, learn more, support center, general questions, account help, site help, what is this, what is this site, what is your site about, how does this work, how do i use this, how can i register, how can i sign up, how do i create an account, how do i login, how do i contact support, where can i get help, where is the faq, do you have support, do you have customer service, is this legit, is this safe, how to get started","<a href=""https://banglaplus88guide.com/faq-page/"">Banglaplus FAQs</a>",,,,en_US,,"a:8:{s:6:""answer"";a:0:{}s:8:""feedback"";a:0:{}s:9:""not_match"";s:0:"""";s:14:""trigger_intent"";s:0:"""";s:11:""entity_name"";s:0:"""";s:18:""entity_is_required"";i:0;s:13:""response_type"";i:2;s:14:""prompt_message"";s:0:"""";}"
"Top Brands","top brands, brands, our brands, brand list, brand partners, partner brands, trusted brands, best brands, featured brands, popular brands, recommended brands, gaming providers, game providers, software providers, provider list, providers, official partners, partners, casino brands, brand selection, brand page, check brands, view brands, brand collaboration, sponsors, brand directory, all brands, supported brands, available brands, partner list, provider partners, gaming partners, software partners, casino providers, slots providers, live casino providers, sportsbook providers, brand options, brand choices, explore brands, browse brands, show brands, display brands, list brands, brands available, brands you offer, brands you support, what are your top brands, what are your brands, what brands do you have, what brands are available, which brands do you offer, can i see your brands, show me your brands, list of brands, what are your partner brands, who are your providers, what gaming providers do you use, what software providers do you have, which providers are available, which brands are available, which providers do you offer, what are your casino providers, what are your game providers, what are your software providers, do you have providers, do you have brands, do you support brands, is there a brand list, is there a provider list, where can i see brands, where is brand list, where is provider list, how to view brands, how to check brands, how to see providers, i want to see brands, i want to see providers, i want brand list, i want provider list, show provider list, show brand list, give me brand list, give me provider list, display provider list, display brand list, available providers, available partners, available brands list, supported providers, supported brands, official providers, official brands","<a href=""https://newcity.vip/en/"">Check out our Topmost Brands here</a>",,,,en_US,,"a:8:{s:6:""answer"";a:0:{}s:8:""feedback"";a:0:{}s:9:""not_match"";s:0:"""";s:14:""trigger_intent"";s:0:"""";s:11:""entity_name"";s:0:"""";s:18:""entity_is_required"";i:0;s:13:""response_type"";i:2;s:14:""prompt_message"";s:0:"""";}"
"বোনাস ও পুরস্কার দাবি করুন","বোনাস দাবি করুন, বোনাসসমূহ দাবি করুন, বোনাসসমূহ, পুরস্কারসমূহ, বোনাস পুরস্কার, বোনাস দাবি, পুরস্কার দাবি করুন, পুরস্কারসমূহ দাবি করুন, প্রোমোশনসমূহ দাবি করুন, প্রোমোশনসমূহ, প্রোমোশন, প্রোমোশনসমূহ, প্রোমো, প্রোমো কোড, বোনাস রিডিম করুন, পুরস্কার রিডিম করুন, প্রোমো রিডিম করুন, ফ্রি বোনাস, ফ্রি পুরস্কার, স্বাগতম বোনাস, দৈনিক বোনাস, এখনই বোনাস দাবি করুন, ক্যাসিনো বোনাস, ক্যাসিনো প্রোমোশনসমূহ, বোনাস অফার, প্রোমো অফার, পুরস্কার বোনাস, বোনাস ক্রেডিট, ফ্রি ক্রেডিট, ফ্রি স্পিন, স্পিন বোনাস, ক্যাশব্যাক, রিবেট, রিলোড বোনাস, ডিপোজিট বোনাস, নো ডিপোজিট বোনাস, সাইনআপ বোনাস, রেজিস্ট্রেশন বোনাস, প্রথম ডিপোজিট বোনাস, ভিআইপি বোনাস, লয়্যালটি পুরস্কার, রেফারেল বোনাস, আমন্ত্রণ বোনাস, জন্মদিন বোনাস, বিশেষ প্রোমো, সীমিত প্রোমো, মৌসুমি প্রোমো, ইভেন্ট প্রোমো, বোনাস ক্যাম্পেইন, প্রোমো ক্যাম্পেইন, বোনাস কোড, কুপন কোড, ভাউচার কোড, কোড রিডিম করুন, প্রোমো কোড লিখুন, প্রোমো কোড প্রয়োগ করুন, প্রোমো কোড ব্যবহার করুন, বোনাস সক্রিয় করুন, প্রোমো সক্রিয় করুন, বোনাস আনলক করুন, পুরস্কার আনলক করুন, বোনাস পান, পুরস্কার পান, প্রোমো পান, ফ্রি বোনাস পান, ফ্রি স্পিন পান, ক্যাশব্যাক পান, কিভাবে বোনাস দাবি করবেন, কিভাবে পুরস্কার দাবি করবেন, কিভাবে প্রোমো দাবি করবেন, কিভাবে বোনাস রিডিম করবেন, কিভাবে পুরস্কার রিডিম করবেন, কিভাবে প্রোমো কোড ব্যবহার করবেন, কিভাবে বোনাস পাবেন, আমি কিভাবে বোনাস দাবি করবো, আমি কিভাবে বোনাস পাবো, আমি কিভাবে বোনাস দাবি করতে পারি, আমি কিভাবে পুরস্কার পেতে পারি, বোনাস দাবি করার ধাপসমূহ, বোনাস গাইড, প্রোমো গাইড, পুরস্কার গাইড, কোথায় বোনাস দাবি করবেন, আমি কোথায় বোনাস দাবি করতে পারি, বোনাস কোথায়, প্রোমো কোথায়, পুরস্কার কোথায়, বোনাস পেজ, প্রোমো পেজ, পুরস্কার পেজ, আমি বোনাস দাবি করতে চাই, আমি বোনাস চাই, আমি পুরস্কার চাই, আমি প্রোমো চাই, আমার বোনাস দরকার, আমার পুরস্কার দরকার, আমার প্রোমো দরকার, আমাকে বোনাস দিন, আমাকে পুরস্কার দিন, আমাকে প্রোমো দিন, আমি কি বোনাস দাবি করতে পারি, আমি কি বোনাস পেতে পারি, আমি কি পুরস্কার পেতে পারি, আমি কি প্রোমো কোড ব্যবহার করতে পারি, আমি কি বোনাস রিডিম করতে পারি, বোনাস উপলব্ধ, প্রোমো উপলব্ধ, পুরস্কার উপলব্ধ, কি বোনাস আছে, কি প্রোমো আছে, কি পুরস্কার আছে, বোনাস চেক করুন, পুরস্কার চেক করুন, প্রোমো চেক করুন, বোনাস স্ট্যাটাস, পুরস্কার স্ট্যাটাস, প্রোমো স্ট্যাটাস, বোনাস অপেক্ষমাণ, বোনাস পাওয়া যায়নি, পুরস্কার পাওয়া যায়নি, প্রোমো কাজ করছে না, অবৈধ প্রোমো কোড, বোনাস ত্রুটি, পুরস্কার সমস্যা, প্রোমো সমস্যা, বোনাসের শর্তাবলী, ওয়েজারিং শর্ত, টার্নওভার শর্ত, বোনাস নিয়মাবলী, প্রোমো নিয়মাবলী, পুরস্কার নিয়মাবলী, এখনই বোনাস দাবি করুন, এখনই রিডিম করুন, এখনই সক্রিয় করুন, এখনই কোড ব্যবহার করুন, এখনই প্রয়োগ করুন","<a href=""https://banglaplus88.com/bn/পরমশন/"">বাংলাপ্লাসের সর্বশেষ বোনাস ও প্রোমোশন</a>",,,,bn_BD,,"a:8:{s:6:""answer"";a:0:{}s:8:""feedback"";a:0:{}s:9:""not_match"";s:0:"""";s:14:""trigger_intent"";s:0:"""";s:11:""entity_name"";s:0:"""";s:18:""entity_is_required"";i:0;s:13:""response_type"";i:2;s:14:""prompt_message"";s:0:"""";}"
"কিভাবে ডিপোজিট করবেন","আমার ডিপোজিট সমস্যা আছে, ডিপোজিট সমস্যা, ডিপোজিট সমস্যা, ডিপোজিট নিয়ে সমস্যা, ডিপোজিট কাজ করছে না, ডিপোজিট করতে পারছি না, ডিপোজিট করতে পারছি না, ডিপোজিট করতে অক্ষম, ডিপোজিট ব্যর্থ, ডিপোজিট ব্যর্থ হয়েছে, ডিপোজিট ত্রুটি, ডিপোজিটে ত্রুটি, ডিপোজিট সম্পন্ন হচ্ছে না, ডিপোজিট গ্রহণ করা হয়নি, টাকা জমা হয়নি, ফান্ড জমা হয়নি, ডিপোজিটের পরে ব্যালেন্স আপডেট হয়নি, ডিপোজিট দেরি, বিলম্বিত ডিপোজিট, ডিপোজিট পেন্ডিং, পেন্ডিং ডিপোজিট, আমার ডিপোজিট কেন পেন্ডিং, ডিপোজিট আটকে গেছে, ডিপোজিট প্রসেসিংয়ে আটকে আছে, ডিপোজিট প্রসেসিং সমস্যা, ডিপোজিট প্রসেসিং সময়, ডিপোজিট অনেক সময় নিচ্ছে, ডিপোজিট কতক্ষণ লাগে, ডিপোজিট দেখাচ্ছে না, ডিপোজিট প্রদর্শিত হচ্ছে না, ডিপোজিটের পর টাকা দেখাচ্ছে না, GCash ডিপোজিট সমস্যা, Maya ডিপোজিট সমস্যা, ই-ওয়ালেট ডিপোজিট সমস্যা, ব্যাংক ডিপোজিট সমস্যা, ব্যাংক ট্রান্সফার ব্যর্থ, GCash ট্রান্সফার ব্যর্থ, Maya ট্রান্সফার ব্যর্থ, পেমেন্ট ব্যর্থ, পেমেন্ট সফল হয়নি, পেমেন্ট ত্রুটি, ট্রানজ্যাকশন ব্যর্থ, ট্রানজ্যাকশন ত্রুটি, ডিপোজিট ট্রানজ্যাকশন ব্যর্থ, ডিপোজিট ট্রানজ্যাকশন পাওয়া যায়নি, রেফারেন্স নম্বর সমস্যা, রেফারেন্স নম্বর অনুপস্থিত, অবৈধ রেফারেন্স নম্বর, ডিপোজিট নিশ্চিত হয়নি, ডিপোজিট যাচাই হয়নি, ডিপোজিট ভেরিফিকেশন সমস্যা, অ্যাকাউন্ট ডিপোজিট সমস্যা, ডিপোজিট লিমিট সমস্যা, ন্যূনতম ডিপোজিট সমস্যা, সর্বোচ্চ ডিপোজিট সমস্যা, ডিপোজিট সীমাবদ্ধতা, ডিপোজিট ব্লক হয়েছে, ডিপোজিট বাতিল হয়েছে, ডিপোজিট প্রত্যাখ্যান হয়েছে, ডিপোজিট কেন প্রত্যাখ্যান হয়েছে, ডিপোজিট কেন ব্যর্থ হয়েছে, ডিপোজিট কেন কাজ করছে না, টপ আপ করতে পারছি না, টপ আপ সমস্যা, টপ আপ ব্যর্থ, টপ আপ কাজ করছে না, ক্যাশ ইন সমস্যা, ক্যাশ ইন সমস্যা, ক্যাশ ইন ব্যর্থ, ক্যাশ ইন কাজ করছে না, GCash এর মাধ্যমে ডিপোজিট কাজ করছে না, Maya এর মাধ্যমে ডিপোজিট কাজ করছে না, ব্যাংকের মাধ্যমে ডিপোজিট কাজ করছে না, পেমেন্ট গেটওয়ে সমস্যা, পেমেন্ট সিস্টেম ত্রুটি, ব্যাংকিং ত্রুটি ডিপোজিট, টেকনিক্যাল সমস্যা ডিপোজিট, সিস্টেম ত্রুটি ডিপোজিট, সাইট ডিপোজিট সমস্যা, অ্যাপ ডিপোজিট সমস্যা, মোবাইল ডিপোজিট সমস্যা, ডিপোজিট সাপোর্ট, ডিপোজিটে সাহায্য, ডিপোজিট সহায়তা, ডিপোজিটে সাহায্য দরকার, ডিপোজিট অনুসন্ধান, ডিপোজিট উদ্বেগ, ডিপোজিট সমস্যা সমাধান, ডিপোজিট সমস্যা ঠিক করুন, ডিপোজিট সমস্যা সমাধান করুন, আমার ডিপোজিট সমস্যা আছে, ডিপোজিট, ডিপোজিটসমূহ, কিভাবে ডিপোজিট করবেন, ডিপোজিট করুন, ফান্ড যোগ করুন, অ্যাকাউন্টে ফান্ড যোগ করুন, টপ আপ, টপ-আপ, টপআপ, টাকা যোগ করুন, টাকা জমা করুন, ক্যাশ ইন, ক্যাশ ইন, পেমেন্ট, পে ইন, পেই ইন, কিভাবে টাকা যোগ করবেন, এখনই ডিপোজিট, ডিপোজিট প্রক্রিয়া, ক্যাসিনো ডিপোজিট, ব্যাংক ডিপোজিট, ই-ওয়ালেট ডিপোজিট, GCash ডিপোজিট, PayMaya ডিপোজিট, Maya ডিপোজিট, bKash ডিপোজিট, Nagad ডিপোজিট, Rocket ডিপোজিট, ক্রিপ্টো ডিপোজিট, USDT ডিপোজিট, BTC ডিপোজিট, ETH ডিপোজিট, কার্ড ডিপোজিট, ক্রেডিট কার্ড ডিপোজিট, ডেবিট কার্ড ডিপোজিট, অনলাইন ব্যাংকিং ডিপোজিট, ইনস্ট্যান্ট ডিপোজিট, দ্রুত ডিপোজিট, দ্রুত ডিপোজিট, ডিপোজিট লিংক, ডিপোজিট পেজ, ডিপোজিট পদ্ধতি, ডিপোজিট অপশন, ডিপোজিট নির্দেশনা, ডিপোজিট গাইড, ডিপোজিট টিউটোরিয়াল, ডিপোজিট করার ধাপ, কোথায় ডিপোজিট করবেন, আমি কোথায় ডিপোজিট করতে পারি, ডিপোজিট অপশন কোথায়, আমি কিভাবে ডিপোজিট করব, কিভাবে ডিপোজিট করতে পারি, কিভাবে ডিপোজিট করবেন, কিভাবে ফান্ড যোগ করবেন, কিভাবে টপ আপ করবেন, কিভাবে ক্যাশ ইন করবেন, আমি ডিপোজিট করতে চাই, আমি টাকা যোগ করতে চাই, আমি টপ আপ করতে চাই, আমি ক্যাশ ইন করতে চাই, আমার ডিপোজিট দরকার, আমাকে ফান্ড যোগ করতে হবে, আমাকে টপ আপ করতে হবে, আমি কি ডিপোজিট করতে পারি, আমি কি টাকা যোগ করতে পারি, আমি কি টপ আপ করতে পারি, আমি কি ক্যাশ ইন করতে পারি, আমি কি অ্যাকাউন্টে ফান্ড যোগ করতে পারি, এখনই ফান্ড যোগ করুন, এখনই টাকা যোগ করুন, এখনই টপ আপ করুন, এখনই ক্যাশ ইন করুন, টাকা পাঠান, ফান্ড ট্রান্সফার করুন, টাকা ট্রান্সফার করুন, পেমেন্ট পাঠান, পেমেন্ট করুন, এখনই পেমেন্ট করুন, ডিপোজিটে যান, ডিপোজিট পেজ খুলুন, আমার অ্যাকাউন্টে ডিপোজিট করুন, ব্যালেন্স যোগ করুন, ব্যালেন্স বাড়ান, অ্যাকাউন্ট রিফিল করুন, অ্যাকাউন্ট রিলোড করুন, অ্যাকাউন্ট লোড করুন, ন্যূনতম ডিপোজিট, সর্বোচ্চ ডিপোজিট, ডিপোজিট লিমিট, ডিপোজিট ফি, ডিপোজিট চার্জ, ডিপোজিট বোনাস, ডিপোজিট প্রোমো, ডিপোজিট অফার, প্রথম ডিপোজিট বোনাস, নতুন ব্যবহারকারী ডিপোজিট, স্বাগতম বোনাস ডিপোজিট, ডিপোজিট নিশ্চিতকরণ, ডিপোজিট স্ট্যাটাস, ডিপোজিট পেন্ডিং, ডিপোজিট ব্যর্থ, ডিপোজিট গ্রহণ করা হয়নি, ডিপোজিট সমস্যা, ডিপোজিট সমস্যা, পেমেন্ট ব্যর্থ, পেমেন্ট দেখাচ্ছে না, ক্যাশ ইন দেখাচ্ছে না, টপ আপ দেখাচ্ছে না, ডিপোজিট কতক্ষণ লাগে, ডিপোজিট সময়, ডিপোজিট প্রসেসিং সময়, ডিপোজিট কখন দেখাবে, ব্যালেন্স কখন আপডেট হবে, ডিপোজিট দেরি, ডিপোজিট যাচাই, ডিপোজিট ভেরিফাই, রসিদ আপলোড, পেমেন্ট প্রমাণ, রসিদ পাঠান, রসিদ আপলোড করুন, ডিপোজিট নিশ্চিত করুন, ম্যানুয়াল ডিপোজিট, স্বয়ংক্রিয় ডিপোজিট, GCash এর মাধ্যমে ডিপোজিট, PayMaya এর মাধ্যমে ডিপোজিট, ব্যাংক ট্রান্সফারের মাধ্যমে ডিপোজিট, ক্রিপ্টোর মাধ্যমে ডিপোজিট, ই-ওয়ালেটের মাধ্যমে ডিপোজিট","<a href=""https://banglaplus88guide.com/bn/faq-category/deposit/"">বাংলাপ্লাস ডিপোজিট গাইড</a>",,,,bn_BD,,"a:8:{s:6:""answer"";a:0:{}s:8:""feedback"";a:0:{}s:9:""not_match"";s:0:"""";s:14:""trigger_intent"";s:0:"""";s:11:""entity_name"";s:0:"""";s:18:""entity_is_required"";i:0;s:13:""response_type"";i:2;s:14:""prompt_message"";s:0:"""";}"
"কিভাবে উত্তোলন করবেন","কিভাবে উইনিংস উত্তোলন করবেন, উইনিংস উত্তোলন, আমার উইনিংস উত্তোলন, উইনিংস ক্যাশ আউট, আমার উইনিংস ক্যাশ আউট, জেতা টাকা উত্তোলন, জেতা টাকা ক্যাশ আউট, উইনিংস উত্তোলন কিভাবে করবেন, কিভাবে উইনিংস ক্যাশ আউট করবেন, কিভাবে জেতা টাকা তুলবেন, কিভাবে টাকা উত্তোলন করবেন, আমার টাকা উত্তোলন, ক্যাশ আউট টাকা, টাকা ক্যাশ আউট, ব্যালেন্স উত্তোলন, আমার ব্যালেন্স উত্তোলন, অ্যাকাউন্ট থেকে টাকা উত্তোলন, অ্যাকাউন্ট থেকে উত্তোলন, ব্যাংকে টাকা ট্রান্সফার, ব্যাংক অ্যাকাউন্টে ট্রান্সফার, ব্যাংক উত্তোলন, ব্যাংকে উত্তোলন কিভাবে করবেন, GCash এর মাধ্যমে উত্তোলন, GCash থেকে উত্তোলন, Maya এর মাধ্যমে উত্তোলন, Maya থেকে উত্তোলন, ই-ওয়ালেট উত্তোলন, ই-ওয়ালেটে উত্তোলন, পেআউট অনুরোধ, উত্তোলনের অনুরোধ, উত্তোলন রিকোয়েস্ট জমা দিন, উত্তোলন প্রক্রিয়া, উত্তোলনের ধাপ, উত্তোলন কিভাবে কাজ করে, উত্তোলন সময়, উত্তোলন প্রসেসিং সময়, কতক্ষণ সময় লাগে উত্তোলন, পেন্ডিং উত্তোলন, উত্তোলন পেন্ডিং, উত্তোলনের স্ট্যাটাস, উত্তোলন স্ট্যাটাস চেক করুন, কেন উত্তোলন পেন্ডিং, উত্তোলন গ্রহণ করা হয়নি, টাকা পাওয়া যায়নি, উত্তোলন ব্যর্থ, উত্তোলন ফেইল হয়েছে, উত্তোলন প্রত্যাখ্যান, উত্তোলন বাতিল, উত্তোলন সমস্যা, উত্তোলনের সমস্যা, উত্তোলন ইস্যু, কিভাবে উত্তোলন সমস্যা ঠিক করবেন, ন্যূনতম উত্তোলন, সর্বোচ্চ উত্তোলন, উত্তোলন সীমা, উত্তোলনের শর্তাবলী, KYC উত্তোলন, অ্যাকাউন্ট যাচাই, উত্তোলন যাচাই, উত্তোলন ফি, উত্তোলন চার্জ, উইনিংস কিভাবে দাবি করবেন, উইনিংস দাবি করুন, উইনিংস সংগ্রহ করুন, উইনিংস রিডিম করুন, উইনিংস গ্রহণ করুন, কিভাবে উইনিংস পাবো, জেতা টাকা নেওয়া, প্রফিট উত্তোলন, লাভ ক্যাশ আউট, আমার আয় উত্তোলন, ফান্ড উত্তোলন, ক্যাসিনো উত্তোলন, এখনই উত্তোলন করুন, দ্রুত উত্তোলন, ইনস্ট্যান্ট উত্তোলন, উত্তোলন গাইড, ক্যাশ আউট গাইড, পেআউট গাইড, কোথায় উত্তোলন করবেন, উত্তোলন পেজ, উত্তোলন অপশন, আমি টাকা তুলতে চাই, আমি উইনিংস তুলতে চাই, আমি ক্যাশ আউট করতে চাই, আমাকে টাকা দিন, টাকা পাঠান, আমার টাকা দিন, কিভাবে উত্তোলন করবো, আমি কিভাবে উত্তোলন করতে পারি, আমি কিভাবে ক্যাশ আউট করবো, উত্তোলন অনুরোধ, উত্তোলন পদ্ধতি, উত্তোলন নিশ্চিতকরণ, উত্তোলন অনুমোদন, উত্তোলন সম্পন্ন, কতক্ষণ লাগে টাকা আসতে, কখন টাকা পাবো, উত্তোলন দেরি, টাকা না আসা, উত্তোলন সমস্যা সমাধান, পেআউট সমস্যা","<a href=""https://banglaplus88guide.com/bn/faq-category/widthdrawal/"">বাংলাপ্লাস উইথড্রয়াল গাইড</a>",,,,bn_BD,,"a:8:{s:6:""answer"";a:0:{}s:8:""feedback"";a:0:{}s:9:""not_match"";s:0:"""";s:14:""trigger_intent"";s:0:"""";s:11:""entity_name"";s:0:"""";s:18:""entity_is_required"";i:0;s:13:""response_type"";i:2;s:14:""prompt_message"";s:0:"""";}"
"আমাদের অ্যাপ ডাউনলোড করুন","অ্যাপ ডাউনলোড, অ্যাপ ডাউনলোড করুন, আমাদের অ্যাপ ডাউনলোড করুন, অ্যাপ নিন, অ্যাপ ইনস্টল করুন, ইনস্টল, মোবাইল অ্যাপ, অ্যাপ ডাউনলোড, APK, APK ডাউনলোড করুন, iOS অ্যাপ, Android অ্যাপ, অ্যাপ লিংক, কিভাবে ডাউনলোড করবেন, কোথায় ডাউনলোড করবেন, এখনই ইনস্টল করুন, এখনই অ্যাপ নিন, অ্যাপ খুলুন, ক্যাসিনো অ্যাপ ডাউনলোড, অফিসিয়াল অ্যাপ, মোবাইল অ্যাপ নিন, অ্যাপ ইনস্টল করুন, এখনই ডাউনলোড করুন, সর্বশেষ অ্যাপ ডাউনলোড, সর্বশেষ ভার্সন অ্যাপ, অ্যাপ আপডেট, অ্যাপ আপডেট করুন, APK ডাউনলোড করুন, iOS ডাউনলোড, Android ডাউনলোড, APK ফাইল, APK লিংক, সর্বশেষ APK ডাউনলোড, অ্যাপ ইনস্টলার, APK ইনস্টল করুন, সরাসরি ডাউনলোড, ডাউনলোড লিংক, অ্যাপ URL, ডাউনলোড পেজ, ডাউনলোড লিংক পান, অ্যাপ লিংক পাঠান, অ্যাপ লিংক দিন, অ্যাপ ডাউনলোড লিংক, কিভাবে ডাউনলোড করবো, কিভাবে ইনস্টল করবো, কিভাবে Android এ ইনস্টল করবেন, কিভাবে iOS এ ইনস্টল করবেন, ডাউনলোডের ধাপ, ইনস্টলের ধাপ, ডাউনলোড গাইড, ইনস্টল গাইড, আমাকে দেখান কিভাবে ডাউনলোড করবো, অ্যাপ দেখান, আমি কি অ্যাপ ডাউনলোড করতে পারি, কি অ্যাপ আছে, আপনার কি অ্যাপ আছে, মোবাইল অ্যাপ আছে কি, Android অ্যাপ আছে কি, iOS অ্যাপ আছে কি, অ্যাপ কি উপলব্ধ, আপনার অ্যাপ কোথায়, অ্যাপ লিংক কোথায়, আমাকে অ্যাপ পাঠান, অ্যাপ দিন, আমি অ্যাপ চাই, আমার অ্যাপ দরকার, অ্যাপ দয়া করে, অ্যাপ লিংক দিন, অ্যাপ প্লিজ, APK প্লিজ, iOS প্লিজ, Android প্লিজ, iPhone অ্যাপ, Android ফোন অ্যাপ, মোবাইল ডাউনলোড, ফোন অ্যাপ, এখনই অ্যাপ ইনস্টল করুন, অ্যাপ লিংক দিন, অ্যাপ কিভাবে পাবো, অ্যাপ কিভাবে অ্যাক্সেস করবো, মোবাইল অ্যাপ খুলুন, অ্যাপের মাধ্যমে খেলুন, ক্যাসিনো মোবাইল অ্যাপ, বেটিং অ্যাপ ডাউনলোড, গেমিং অ্যাপ ডাউনলোড, অফিসিয়াল ডাউনলোড লিংক, নিরাপদ অ্যাপ ডাউনলোড, সুরক্ষিত অ্যাপ ডাউনলোড","<section class=""text-token-text-primary w-full focus:outline-none [--shadow-height:45px] has-data-writing-block:pointer-events-none has-data-writing-block:-mt-(--shadow-height) has-data-writing-block:pt-(--shadow-height) [&amp;:has([data-writing-block])&gt;*]:pointer-events-auto R6Vx5W_threadScrollVars scroll-mb-[calc(var(--scroll-root-safe-area-inset-bottom,0px)+var(--thread-response-height))] scroll-mt-(--header-height)"" dir=""auto"" data-turn-id=""0d42d339-bfec-4d43-b4ba-0cafe52bdad1"" data-testid=""conversation-turn-171"" data-scroll-anchor=""false"" data-turn=""user""></section><a href=""https://banglaplus88guide.com/bn/how-to-download-banglaplus-app/"">বাংলাপ্লাস অ্যাপ ডাউনলোড করুন</a>

&nbsp;",,,,bn_BD,,"a:8:{s:6:""answer"";a:0:{}s:8:""feedback"";a:0:{}s:9:""not_match"";s:0:"""";s:14:""trigger_intent"";s:0:"""";s:11:""entity_name"";s:0:"""";s:18:""entity_is_required"";i:0;s:13:""response_type"";i:2;s:14:""prompt_message"";s:0:"""";}"
"প্রায়শই জিজ্ঞাসিত প্রশ্নাবলী","প্রশ্নোত্তর (FAQ), সাধারণ জিজ্ঞাসা, সাহায্য, সাহায্য কেন্দ্র, সাপোর্ট, কাস্টমার সাপোর্ট, কাস্টমার সার্ভিস, সহায়তা, প্রশ্নসমূহ, সাধারণ প্রশ্ন, উত্তরসমূহ, গাইড, নির্দেশিকা, তথ্য, দরকারি সাহায্য, আমাকে সাহায্য করুন, ট্রাবলশুটিং, জিজ্ঞাসা, কুয়েরি, এটি কিভাবে কাজ করে, আরও জানুন, সাপোর্ট সেন্টার, সাধারণ প্রশ্নাবলী, অ্যাকাউন্ট সাহায্য, সাইট সাহায্য, এটি কি, এই সাইট কি, আপনার সাইট সম্পর্কে কি, এটি কিভাবে কাজ করে, আমি কিভাবে ব্যবহার করবো, আমি কিভাবে রেজিস্টার করবো, আমি কিভাবে সাইন আপ করবো, আমি কিভাবে অ্যাকাউন্ট তৈরি করবো, আমি কিভাবে লগইন করবো, আমি কিভাবে সাপোর্টের সাথে যোগাযোগ করবো, কোথায় সাহায্য পাবো, FAQ কোথায়, আপনার কি সাপোর্ট আছে, আপনার কি কাস্টমার সার্ভিস আছে, এটা কি বৈধ, এটা কি নিরাপদ, কিভাবে শুরু করবো","<a href=""https://banglaplus88guide.com/bn/faq-page/"">বাংলাপ্লাস প্রায়শই জিজ্ঞাসিত প্রশ্নাবলী (FAQs)</a>",,,,bn_BD,,"a:8:{s:6:""answer"";a:0:{}s:8:""feedback"";a:0:{}s:9:""not_match"";s:0:"""";s:14:""trigger_intent"";s:0:"""";s:11:""entity_name"";s:0:"""";s:18:""entity_is_required"";i:0;s:13:""response_type"";i:2;s:14:""prompt_message"";s:0:"""";}"
"শীর্ষ ব্র্যান্ডসমূহ","শীর্ষ ব্র্যান্ডসমূহ, ব্র্যান্ডসমূহ, আমাদের ব্র্যান্ডসমূহ, ব্র্যান্ড তালিকা, ব্র্যান্ড পার্টনার, পার্টনার ব্র্যান্ড, বিশ্বস্ত ব্র্যান্ড, সেরা ব্র্যান্ড, ফিচার্ড ব্র্যান্ড, জনপ্রিয় ব্র্যান্ড, সুপারিশকৃত ব্র্যান্ড, গেমিং প্রোভাইডার, গেম প্রোভাইডার, সফটওয়্যার প্রোভাইডার, প্রোভাইডার তালিকা, প্রোভাইডারসমূহ, অফিসিয়াল পার্টনার, পার্টনারসমূহ, ক্যাসিনো ব্র্যান্ড, ব্র্যান্ড নির্বাচন, ব্র্যান্ড পেজ, ব্র্যান্ড দেখুন, ব্র্যান্ড চেক করুন, ব্র্যান্ড সহযোগিতা, স্পনসর, ব্র্যান্ড ডিরেক্টরি, সব ব্র্যান্ড, সমর্থিত ব্র্যান্ড, উপলব্ধ ব্র্যান্ড, পার্টনার তালিকা, প্রোভাইডার পার্টনার, গেমিং পার্টনার, সফটওয়্যার পার্টনার, ক্যাসিনো প্রোভাইডার, স্লট প্রোভাইডার, লাইভ ক্যাসিনো প্রোভাইডার, স্পোর্টসবুক প্রোভাইডার, ব্র্যান্ড অপশন, ব্র্যান্ড পছন্দ, ব্র্যান্ড অন্বেষণ, ব্র্যান্ড ব্রাউজ করুন, ব্র্যান্ড দেখান, ব্র্যান্ড তালিকা দেখান, ব্র্যান্ড প্রদর্শন করুন, ব্র্যান্ড লিস্ট, ব্র্যান্ড উপলব্ধ, আপনি যে ব্র্যান্ড অফার করেন, আপনার ব্র্যান্ড কী, কোন ব্র্যান্ড আছে, কোন প্রোভাইডার আছে, আপনি কোন প্রোভাইডার ব্যবহার করেন, আপনি কোন সফটওয়্যার প্রোভাইডার ব্যবহার করেন, প্রোভাইডার আছে কি না, ব্র্যান্ড লিস্ট কোথায়, প্রোভাইডার লিস্ট কোথায়, কিভাবে ব্র্যান্ড দেখব, কিভাবে প্রোভাইডার দেখব, আমাকে ব্র্যান্ড দেখান, আমাকে প্রোভাইডার দেখান, প্রোভাইডার তালিকা দিন, ব্র্যান্ড তালিকা দিন, উপলব্ধ পার্টনার, সমর্থিত ব্র্যান্ড, অফিসিয়াল ব্র্যান্ড, অফিসিয়াল প্রোভাইডার","<a href=""https://newcity.vip/bn/"">আমাদের সেরা ব্র্যান্ডগুলো এখানে দেখুন</a>",,,,bn_BD,,"a:8:{s:6:""answer"";a:0:{}s:8:""feedback"";a:0:{}s:9:""not_match"";s:0:"""";s:14:""trigger_intent"";s:0:"""";s:11:""entity_name"";s:0:"""";s:18:""entity_is_required"";i:0;s:13:""response_type"";i:2;s:14:""prompt_message"";s:0:"""";}"
"Signup Guide","signup, sign up, register, registration, create account, open account, new account, join now, member signup, member registration, create new account, casino signup, casino registration, mcw signup, mcw register, mcw account, mcw registration, mcw create account, how to sign up, how to signup, how to register, how to create account, how to open account, where to sign up, where to signup, where to register, where can i sign up, where can i signup, where can i register, how can i sign up, how can i signup, how can i register, how do i sign up, how do i signup, how do i register, how do i create account, how to join mcw, how to become member, how to make account, how to create new account, how to register in mcw, how to signup in mcw, how to open mcw account, how can i create mcw account, how to become vip member, how to get account, how to make casino account, how to create gaming account, register now, sign up now, signup now, become member, create profile, open new account, new member, new user, account creation, register account, signup process, registration process, account setup, account verification, verify account, verify mobile, verify email, otp verification, phone verification, email verification, identity verification, kyc, kyc verification, submit documents, upload id, valid id, national id, passport verification, username, password, referral code, promo code, invitation code, affiliate code, mobile number, email address, date of birth, personal details, full name, nickname, security question, forgot password, reset password, change password, cannot register, unable to register, signup error, registration failed, account already exists, invalid number, invalid otp, otp not received, verification failed, duplicate account, multiple accounts, cannot verify account, account pending, account rejected, minimum age, age requirement, who can register, can i register, can i sign up, is signup free, free registration, registration fee, how long does signup take, instant registration, quick signup, easy signup, safe registration, secure registration, what do i need to register, what are the requirements, what documents are needed, how many accounts can i create, can i use same number, can i use same email, can foreigners register, can i register without id, can i register without deposit, can i register using mobile, can i signup using app, can i signup using website, registration link, signup link, register link, official registration, official signup, official registration link, official signup link, signup page, registration page, create account link, new account link, how to register using phone, how to register using mobile, how to register on android, how to register on iphone, how to signup on app, how to signup on website, how to register through browser, how to activate account, how to confirm account, how to complete registration, how to finish signup, how to login after signup, how to access account, why is my registration rejected, why cant i signup, why cant i receive otp, why is my account locked, why is my account suspended, why is my verification pending, new player guide, beginner guide, first time signup, newbie registration, step by step signup, step by step registration, tutorial signup, tutorial register, signup instructions, registration instructions, signup help, registration help, sign up help, sign up guide, signup guide, register guide, registration guide, customer support signup, live chat signup help, sign up bonus, signup bonus, welcome bonus, new member bonus, registration bonus, signup reward, free bonus after signup, free spins signup, bonus upon registration","<a href=""https://banglaplus88guide.com/faq-category/my-account/"">Banglaplus Account Signup Guide</a>",,,,en_US,,"a:8:{s:6:""answer"";a:0:{}s:8:""feedback"";a:0:{}s:9:""not_match"";s:0:"""";s:14:""trigger_intent"";s:0:"""";s:11:""entity_name"";s:0:"""";s:18:""entity_is_required"";i:0;s:13:""response_type"";i:2;s:14:""prompt_message"";s:0:"""";}"
"সাইনআপ গাইড","সাইনআপ, সাইন আপ, রেজিস্টার, রেজিস্ট্রেশন, অ্যাকাউন্ট তৈরি, অ্যাকাউন্ট খুলুন, নতুন অ্যাকাউন্ট, এখনই যোগ দিন, মেম্বার সাইনআপ, মেম্বার রেজিস্ট্রেশন, নতুন অ্যাকাউন্ট তৈরি, ক্যাসিনো সাইনআপ, ক্যাসিনো রেজিস্ট্রেশন, এমসিডব্লিউ সাইনআপ, এমসিডব্লিউ রেজিস্টার, এমসিডব্লিউ অ্যাকাউন্ট, এমসিডব্লিউ রেজিস্ট্রেশন, এমসিডব্লিউ অ্যাকাউন্ট তৈরি, কীভাবে সাইন আপ করবেন, কীভাবে সাইনআপ করবেন, কীভাবে রেজিস্টার করবেন, কীভাবে অ্যাকাউন্ট তৈরি করবেন, কীভাবে অ্যাকাউন্ট খুলবেন, কোথায় সাইন আপ করবেন, কোথায় সাইনআপ করবেন, কোথায় রেজিস্টার করবেন, আমি কোথায় সাইন আপ করতে পারি, আমি কোথায় সাইনআপ করতে পারি, আমি কোথায় রেজিস্টার করতে পারি, আমি কীভাবে সাইন আপ করতে পারি, আমি কীভাবে সাইনআপ করতে পারি, আমি কীভাবে রেজিস্টার করতে পারি, আমি কীভাবে সাইন আপ করব, আমি কীভাবে সাইনআপ করব, আমি কীভাবে রেজিস্টার করব, আমি কীভাবে অ্যাকাউন্ট তৈরি করব, কীভাবে এমসিডব্লিউতে যোগ দেব, কীভাবে মেম্বার হব, কীভাবে অ্যাকাউন্ট বানাব, কীভাবে নতুন অ্যাকাউন্ট তৈরি করব, কীভাবে এমসিডব্লিউতে রেজিস্টার করব, কীভাবে এমসিডব্লিউতে সাইনআপ করব, কীভাবে এমসিডব্লিউ অ্যাকাউন্ট খুলব, কীভাবে এমসিডব্লিউ অ্যাকাউন্ট তৈরি করতে পারি, কীভাবে ভিআইপি মেম্বার হব, কীভাবে অ্যাকাউন্ট পাব, কীভাবে ক্যাসিনো অ্যাকাউন্ট তৈরি করব, কীভাবে গেমিং অ্যাকাউন্ট তৈরি করব, এখনই রেজিস্টার করুন, এখনই সাইন আপ করুন, এখনই সাইনআপ করুন, মেম্বার হন, প্রোফাইল তৈরি করুন, নতুন অ্যাকাউন্ট খুলুন, নতুন মেম্বার, নতুন ব্যবহারকারী, অ্যাকাউন্ট তৈরি, অ্যাকাউন্ট রেজিস্টার, সাইনআপ প্রক্রিয়া, রেজিস্ট্রেশন প্রক্রিয়া, অ্যাকাউন্ট সেটআপ, অ্যাকাউন্ট ভেরিফিকেশন, অ্যাকাউন্ট যাচাই করুন, মোবাইল ভেরিফাই করুন, ইমেইল ভেরিফাই করুন, ওটিপি ভেরিফিকেশন, ফোন ভেরিফিকেশন, ইমেইল ভেরিফিকেশন, পরিচয় যাচাইকরণ, কেওয়াইসি, কেওয়াইসি ভেরিফিকেশন, ডকুমেন্ট জমা দিন, আইডি আপলোড করুন, বৈধ আইডি, জাতীয় পরিচয়পত্র, পাসপোর্ট ভেরিফিকেশন, ইউজারনেম, পাসওয়ার্ড, রেফারেল কোড, প্রোমো কোড, ইনভাইটেশন কোড, অ্যাফিলিয়েট কোড, মোবাইল নম্বর, ইমেইল অ্যাড্রেস, জন্ম তারিখ, ব্যক্তিগত তথ্য, পুরো নাম, ডাকনাম, নিরাপত্তা প্রশ্ন, পাসওয়ার্ড ভুলে গেছেন, পাসওয়ার্ড রিসেট, পাসওয়ার্ড পরিবর্তন, রেজিস্টার করা যাচ্ছে না, রেজিস্টার করতে পারছি না, সাইনআপ এরর, রেজিস্ট্রেশন ব্যর্থ হয়েছে, অ্যাকাউন্ট ইতোমধ্যে রয়েছে, অবৈধ নম্বর, অবৈধ ওটিপি, ওটিপি পাওয়া যায়নি, ভেরিফিকেশন ব্যর্থ হয়েছে, ডুপ্লিকেট অ্যাকাউন্ট, একাধিক অ্যাকাউন্ট, অ্যাকাউন্ট ভেরিফাই করা যাচ্ছে না, অ্যাকাউন্ট পেন্ডিং, অ্যাকাউন্ট বাতিল হয়েছে, সর্বনিম্ন বয়স, বয়সের প্রয়োজনীয়তা, কে রেজিস্টার করতে পারে, আমি কি রেজিস্টার করতে পারি, আমি কি সাইন আপ করতে পারি, সাইনআপ কি ফ্রি, ফ্রি রেজিস্ট্রেশন, রেজিস্ট্রেশন ফি, সাইনআপ করতে কত সময় লাগে, ইনস্ট্যান্ট রেজিস্ট্রেশন, দ্রুত সাইনআপ, সহজ সাইনআপ, নিরাপদ রেজিস্ট্রেশন, সুরক্ষিত রেজিস্ট্রেশন, রেজিস্টার করতে কী লাগবে, কী কী প্রয়োজন, কী কী ডকুমেন্ট লাগবে, আমি কতটি অ্যাকাউন্ট তৈরি করতে পারি, একই নম্বর ব্যবহার করা যাবে কি, একই ইমেইল ব্যবহার করা যাবে কি, বিদেশিরা কি রেজিস্টার করতে পারবে, আইডি ছাড়া কি রেজিস্টার করা যাবে, ডিপোজিট ছাড়া কি রেজিস্টার করা যাবে, মোবাইল দিয়ে কি রেজিস্টার করা যাবে, অ্যাপ দিয়ে কি সাইনআপ করা যাবে, ওয়েবসাইট দিয়ে কি সাইনআপ করা যাবে, রেজিস্ট্রেশন লিংক, সাইনআপ লিংক, রেজিস্টার লিংক, অফিসিয়াল রেজিস্ট্রেশন, অফিসিয়াল সাইনআপ, অফিসিয়াল রেজিস্ট্রেশন লিংক, অফিসিয়াল সাইনআপ লিংক, সাইনআপ পেজ, রেজিস্ট্রেশন পেজ, অ্যাকাউন্ট তৈরির লিংক, নতুন অ্যাকাউন্ট লিংক, ফোন দিয়ে কীভাবে রেজিস্টার করবেন, মোবাইল দিয়ে কীভাবে রেজিস্টার করবেন, অ্যান্ড্রয়েডে কীভাবে রেজিস্টার করবেন, আইফোনে কীভাবে রেজিস্টার করবেন, অ্যাপে কীভাবে সাইনআপ করবেন, ওয়েবসাইটে কীভাবে সাইনআপ করবেন, ব্রাউজার দিয়ে কীভাবে রেজিস্টার করবেন, কীভাবে অ্যাকাউন্ট অ্যাক্টিভ করবেন, কীভাবে অ্যাকাউন্ট কনফার্ম করবেন, কীভাবে রেজিস্ট্রেশন সম্পন্ন করবেন, কীভাবে সাইনআপ শেষ করবেন, সাইনআপের পর কীভাবে লগইন করবেন, কীভাবে অ্যাকাউন্টে প্রবেশ করবেন, কেন আমার রেজিস্ট্রেশন বাতিল হয়েছে, কেন আমি সাইনআপ করতে পারছি না, কেন আমি ওটিপি পাচ্ছি না, কেন আমার অ্যাকাউন্ট লক হয়েছে, কেন আমার অ্যাকাউন্ট সাসপেন্ড হয়েছে, কেন আমার ভেরিফিকেশন পেন্ডিং আছে, নতুন প্লেয়ার গাইড, বিগিনার গাইড, প্রথমবার সাইনআপ, নতুনদের রেজিস্ট্রেশন, ধাপে ধাপে সাইনআপ, ধাপে ধাপে রেজিস্ট্রেশন, সাইনআপ টিউটোরিয়াল, রেজিস্টার টিউটোরিয়াল, সাইনআপ নির্দেশনা, রেজিস্ট্রেশন নির্দেশনা, সাইনআপ সহায়তা, রেজিস্ট্রেশন সহায়তা, সাইন আপ সহায়তা, সাইন আপ গাইড, সাইনআপ গাইড, রেজিস্টার গাইড, রেজিস্ট্রেশন গাইড, কাস্টমার সাপোর্ট সাইনআপ, লাইভ চ্যাট সাইনআপ সহায়তা, সাইন আপ বোনাস, সাইনআপ বোনাস, স্বাগতম বোনাস, নতুন মেম্বার বোনাস, রেজিস্ট্রেশন বোনাস, সাইনআপ রিওয়ার্ড, সাইনআপের পর ফ্রি বোনাস, সাইনআপ ফ্রি স্পিন, রেজিস্ট্রেশনের পর বোনাস","<a href=""https://tkbaaziguide.com/bn/faq-category/my-account/"">TKBaazi অ্যাকাউন্ট সাইনআপ গাইড</a>",,,,en_US,,"a:8:{s:6:""answer"";a:0:{}s:8:""feedback"";a:0:{}s:9:""not_match"";s:0:"""";s:14:""trigger_intent"";s:0:"""";s:11:""entity_name"";s:0:"""";s:18:""entity_is_required"";i:0;s:13:""response_type"";i:2;s:14:""prompt_message"";s:0:"""";}"
